Asdsf,Ddfgdgdf,M,asdf@asc.com,1967,Grad
Fdsaa,Treasd,F,sakjhda@wdf.org,1988,Ugrad
Xsdf,Qwkednrt,Other,sasa@assd.com,2004,Grad
Mglfk,Sdlfkjsd,F,awqe@asd.com,2016,Grad
Mweew,Geren,M,weqq@asd.com,2013,Ugrad
Ewerw,Kfdss,F,nbds@asd.com,2012,Ugrad
Weere,Qsdweq,F,nasmd@sad.com,2000,Grad
Yrltkj,Poitre,M,porn@poj.com,1999,Ugrad
Nsabj,Lkjas,F,lmds@qwj.com,1998,Grad
Dasd,Fweds,M,lasdkjas@sd.com,1977,Grad
Mcsd,Laskds,F,asdk@lkj.com,1978,Grad
Lewea,Dwesaa,F,asdas@qwed.com,2006,Grad
Owelr,Ksldk,F,asdasd@wds.com,2009,Ugrad
Xasd,Gresd,Other,lkm@lkjq.com,2010,Ugrad
Aslkd,Ewds,F,lkj@sasdsa.com,2012,Grad
Qswnm,Jsalk,M,lksa@sada.com,2015,Ugrad
Zasnm,Sansd,M,asda@qsjka.com,2016,Grad
Ssdsa,Klked,M,asd@sadhak.com,2017,Ugrad
Edsw,Ferws,F,aslkd@qwj.com,2007,Ugrad
Asdfe,Ferws,M,asda@askdj.com,2003,Ugrad
Asdsd,Wqasda,F,asdas@wert.com,1987,Grad
Lemsdn,Ijjsd,F,asd@likje.com,2001,Ugrad
Moijn,Ujbnds,F,asd@askdj.com,2005,Ugrad
Fjdks,Jkmsd,M,asd@sadjk.org,2009,Grad
Asnsm,Adnms,M,asd@qwed.net,2014,Ugrad
Asmdns,Kjlksm,F,asdf@qwty.biz,2008,Ugrad